time_s,dominant_freq_hz,estimated_crank_rpm
1.408,37.07402383008097,1112.220714902429
1.4506666666666668,52.76498753817018,1582.9496261451054
1.4933333333333334,70.38628704976789,2111.5886114930368
1.536,80.47212803078129,2414.163840923439
1.5786666666666667,89.74488436824812,2692.346531047444
1.6213333333333333,88.12086509288108,2643.625952786433
1.664,87.47337857020004,2624.201357106001
1.7066666666666668,82.08076039972534,2462.4228119917598
1.7493333333333334,74.63545452505642,2239.0636357516923
1.792,65.62601722217991,1968.780516665398
1.8346666666666667,63.57780837280021,1907.3342511840058
1.8773333333333333,59.307604125097726,1779.2281237529319
1.92,57.597292241712,1727.9187672513604
1.9626666666666666,55.644979973695584,1669.3493992108677
2.005333333333333,55.644979973695584,1669.3493992108677
2.048,57.59729224171201,1727.9187672513604
2.0906666666666665,63.418502189103165,1902.5550656730948
2.1333333333333333,68.79143822389105,2063.743146716731
2.176,73.01467512731799,2190.4402538195395
2.2186666666666666,74.72958152505944,2241.887445751783
2.2613333333333334,71.60193883891239,2148.0581651673715
2.304,69.54766517890859,2086.429955367257
2.3466666666666667,68.14990085229284,2044.4970255687854
2.3893333333333335,68.18131507214093,2045.439452164228
2.432,71.08192933544714,2132.4578800634144
2.474666666666667,73.12300061502134,2193.69001845064
2.517333333333333,73.2762419880943,2198.2872596428288
2.56,72.77903883840327,2183.3711651520975
2.6026666666666665,70.3125,2109.375
2.6453333333333333,73.60121845120435,2208.0365535361307
2.688,79.74535340279962,2392.3606020839893
2.7306666666666666,84.57411894362095,2537.2235683086283
2.7733333333333334,87.84609585167517,2635.382875550255
2.816,89.61375252677057,2688.412575803117
2.8586666666666667,86.6497286611306,2599.4918598339177
2.9013333333333335,81.03479224171201,2431.043767251361
2.944,73.53349621206054,2206.0048863618163
2.986666666666667,66.0123518287178,1980.3705548615342
3.029333333333333,63.958078168714,1918.7423450614197
3.072,63.6650970880896,1909.952912642688
3.1146666666666665,65.12421955813316,1953.726586743995
3.1573333333333333,69.96217412766593,2098.8652238299783
3.2,72.59839659720038,2177.951897916011
3.2426666666666666,70.79473118790116,2123.841935637035
3.2853333333333334,72.2968076505021,2168.904229515063
3.328,70.99034539089392,2129.710361726817
3.3706666666666667,73.4733264873554,2204.199794620662
3.4133333333333336,78.73674861571725,2362.102458471518
3.456,81.90335803615105,2457.1007410845314
3.498666666666667,82.52845314969103,2475.8535944907308
3.541333333333333,80.36154136517384,2410.846240955215
3.584,72.31579296401011,2169.473788920304
3.6266666666666665,66.25894672770424,1987.768401831127
3.6693333333333333,61.29191177559983,1838.7573532679949
3.712,58.54276930400631,1756.2830791201895
3.7546666666666666,61.47656736852086,1844.2970210556261
3.7973333333333334,66.83912595587461,2005.1737786762385
3.84,72.42411845171347,2172.723553551404
3.8826666666666667,76.50761564758896,2295.228469427669
3.925333333333333,76.4926436857991,2294.7793105739734
3.968,73.54387365949468,2206.3162097848403
4.010666666666666,69.61361783669214,2088.408535100764
4.053333333333334,65.24751700762639,1957.425510228791
4.096,63.71607778408328,1911.4823335224985
4.1386666666666665,64.83123847750876,1944.937154325263
4.181333333333333,67.67168301610984,2030.150490483295
4.224,73.77549659669126,2213.2648979007377
4.266666666666667,78.15197487319114,2344.559246195734
4.309333333333333,82.32423108062439,2469.726932418732
4.352,84.86131709116692,2545.839512735008
4.394666666666667,84.96504806451455,2548.951441935437
4.437333333333333,84.28113786299656,2528.434135889897
4.48,82.8534296128011,2485.6028883840327
4.522666666666667,79.67303664930009,2390.191099479003
4.565333333333333,76.61594113529233,2298.4782340587694
4.608,72.5474159012067,2176.4224770362007
4.650666666666667,68.07758409879332,2042.327522963799
4.693333333333333,65.65341809030984,1969.6025427092954
4.736,67.3127492777019,2019.382478331057
4.778666666666667,70.85207597961083,2125.562279388325
4.8213333333333335,76.60096917350246,2298.029075205074
4.864,80.03656490206377,2401.096947061913
4.906666666666666,79.84272028043127,2395.281608412938
4.949333333333334,76.21463456696458,2286.4390370089372
4.992,71.76760911832541,2153.0282735497617
5.034666666666666,68.74045752789736,2062.2137258369207
5.077333333333334,71.06872695501754,2132.0618086505265
5.12,72.73666600848345,2182.099980254504
5.1626666666666665,75.65549211120815,2269.6647633362445
5.205333333333333,83.49095363268113,2504.7286089804343
5.248,87.61017768521477,2628.3053305564426
5.290666666666667,90.55004056035341,2716.5012168106023
5.333333333333333,94.2670515033823,2828.0115451014694
5.376,100.61582346867735,3018.4747040603206
5.418666666666667,111.24329188820752,3337.2987566462257
5.461333333333333,118.70856177610895,3561.2568532832684
5.504,118.27955505455937,3548.386651636782
5.546666666666667,114.47259668125004,3434.177900437501
5.589333333333333,102.35607927564281,3070.6823782692845
5.632,88.41337198450785,2652.401159535235
5.674666666666667,76.60733326921844,2298.2199980765527
5.717333333333333,72.83001953439694,2184.9005860319085
5.76,73.73312376677144,2211.9937130031435
5.802666666666667,76.95129504583652,2308.538851375096
5.8453333333333335,77.59136212116636,2327.7408636349905
5.888,78.34905937245225,2350.4717811735673
5.930666666666666,77.40034243252934,2322.01027297588
5.973333333333334,76.70470014685009,2301.1410044055024
6.016,72.87493541976654,2186.248062592996
6.058666666666666,71.05375499322767,2131.61264979683
6.101333333333334,67.2703764477821,2018.1112934334628
6.144,66.94285692922224,2008.285707876667
6.1866666666666665,66.83912595587461,2005.1737786762385
6.229333333333333,67.78000850381319,2033.4002551143958
6.272,68.49386262891092,2054.8158788673277
6.314666666666667,69.89622146988238,2096.8866440964716
6.357333333333333,71.01138216330787,2130.341464899236
6.4,73.38456747579764,2201.537024273929
6.442666666666667,76.54998847750876,2296.4996543252632
6.485333333333333,77.32979526039006,2319.8938578117013
6.528,78.01370546190806,2340.4111638572417
6.570666666666667,76.09133711747135,2282.7401135241407
6.613333333333333,73.89419953182873,2216.825985954862
6.656,73.73948786248744,2212.184635874623
6.698666666666667,75.55353071922077,2266.6059215766236
6.741333333333333,78.850857036499,2365.52571109497
6.784,86.49070435497923,2594.7211306493778
6.826666666666667,93.46739636680972,2804.0218910042922
6.8693333333333335,98.65108229432083,2959.5324688296255
6.912,100.51032291396947,3015.3096874190846
6.954666666666666,99.39056770618826,2981.7170311856485
6.997333333333334,94.771807167512,2843.15421502536
7.04,90.73527731591204,2722.0583194773612
7.082666666666666,86.45469562077542,2593.640868623263
7.125333333333334,84.38486883634418,2531.546065090325
7.168,84.03913747836584,2521.1741243509755
7.210666666666667,82.19055618369704,2465.7166855109112
7.253333333333333,78.56825340330876,2357.0476020992623
7.296,76.67328592700198,2300.1985778100598
7.338666666666667,73.492892963501,2204.7867889050294
7.381333333333333,75.83613435241104,2275.0840305723314
7.424,86.38874296299187,2591.6622888897564
7.466666666666667,93.66702392152064,2810.01071764562
7.509333333333333,97.37631613210644,2921.2894839631936
7.552,94.50268779229704,2835.080633768911
7.594666666666667,92.89964604497943,2786.9893813493827
7.637333333333333,88.65791542458834,2659.7374627376503
7.68,86.21593511377333,2586.4780534132
7.722666666666667,92.96264070268005,2788.8792210804017
7.765333333333333,110.65420550887134,3319.626165266141
7.808,129.95977067245198,3898.7931201735596
7.850666666666666,141.61968817692775,4248.590645307831
7.8933333333333335,139.6878315186877,4190.6349455606305
7.936,130.81441985673638,3924.4325957020915
7.978666666666666,109.9553233455635,3298.659700366905
8.021333333333333,86.16348412151127,2584.9045236453385
8.064,71.8295484243908,2154.886452731724
8.106666666666667,67.48243290883305,2024.4729872649923
8.149333333333333,72.14610933287894,2164.3832799863685
8.192,74.95660994790029,2248.698298437009
8.234666666666667,74.84828446019694,2245.448533805908
8.277333333333333,72.84499149618682,2185.349744885604
8.32,69.42436772941537,2082.731031882461
8.362666666666666,66.38224417719745,1991.4673253159233
8.405333333333333,65.53012064081663,1965.9036192244992
8.448,66.83912595587461,2005.1737786762385
8.490666666666666,70.01492440501987,2100.4477321505965
8.533333333333333,74.20674708859872,2226.2024126579618
8.576,78.26030036089449,2347.8090108268348
8.618666666666666,81.08577293770568,2432.5731881311713
8.661333333333333,83.74156188338571,2512.246856501572
8.704,84.26616590120669,2527.9849770362007
8.746666666666666,82.74510412509774,2482.353123752932
8.789333333333333,80.49521626210118,2414.8564878630355
8.832,79.08247997369558,2372.4743992108674
8.874666666666666,78.79987634050532,2363.9962902151597
8.917333333333334,77.03221966540993,2310.9665899622983
8.96,76.18469064338484,2285.5407193015453
9.002666666666666,75.20320484688672,2256.0961454066014
9.045333333333334,73.50327041093513,2205.098112328054
9.088,72.2544348205823,2167.633044617469
9.130666666666666,69.77292402038918,2093.187720611675
9.173333333333334,68.37056517941771,2051.116955382531
9.216,67.37870193548545,2021.361058064563
9.258666666666667,66.35230025361773,1990.5690076085318
9.301333333333334,67.37870193548544,2021.3610580645634
9.344,75.7701816946275,2273.1054508388243
9.386666666666667,83.59722766147856,2507.9168298443565
9.429333333333334,91.5464983186414,2746.3949495592424
9.472,94.7596601387176,2842.7898041615285
9.514666666666667,95.5490708949435,2866.472126848305
9.557333333333334,92.08460400198388,2762.5381200595166
9.6,88.9016679830331,2667.0500394909927
9.642666666666667,84.03913747836584,2521.1741243509755
9.685333333333332,82.60683471381465,2478.205041414439
9.728,79.68800861108997,2390.640258332699
9.770666666666667,75.72780886470768,2271.8342659412306
9.813333333333333,71.1346796128011,2134.040388384032
9.856,69.72194332439547,2091.658299731864
9.898666666666667,70.13822185451309,2104.146655635393
9.941333333333333,71.02635412509773,2130.790623752932
9.984,71.18566030879478,2135.569809263843
10.026666666666667,71.308957758288,2139.2687327486396
10.069333333333333,71.67425559241191,2150.2276677723576
10.112,70.85207597961085,2125.562279388325
10.154666666666667,68.95074440758808,2068.522332227643
10.197333333333333,68.23689028249035,2047.1067084747103
10.24,66.97280085280197,2009.184025584059
10.282666666666668,64.42533739482529,1932.7601218447592
10.325333333333333,61.532142578870285,1845.9642773661087
10.368,60.936991388910045,1828.1097416673013
10.410666666666666,63.02757306820955,1890.8271920462869
10.453333333333333,69.65599066661193,2089.6797199983585
10.496,75.09487935918337,2252.846380775501
10.538666666666666,80.01699842591819,2400.509952777545
10.581333333333333,81.03302266035176,2430.9906798105526
10.624,78.66160692922224,2359.848207876667
10.666666666666666,72.4030816792995,2172.0924503789856
10.709333333333333,67.17447986641882,2015.2343959925645
10.752,63.068176316769105,1892.0452895030733
10.794666666666666,63.71148326972755,1911.3444980918268
10.837333333333333,63.9157053387942,1917.4711601638262
10.88,64.16836504840472,1925.0509514521416
10.922666666666666,63.65873299237362,1909.7619897712086
10.965333333333334,66.89187623322854,2006.7562869968567
11.008,73.56520971700053,2206.9562915100164
11.050666666666666,81.03479224171201,2431.04376725136
11.093333333333334,87.4401947689917,2623.205843069751
11.136,96.84769876256733,2905.43096287702
11.178666666666667,99.37990838120845,2981.397251436253
11.221333333333334,102.4494328015563,3073.482984046689
11.264,102.18922057750711,3065.6766173252136
11.306666666666667,100.31188377798124,3009.3565133394377
11.349333333333334,96.67596367253023,2900.2789101759067
11.392,91.29589006793682,2738.8767020381047
11.434666666666667,81.23901431077864,2437.1704293233593
11.477333333333334,82.11599565983963,2463.4798697951883
11.52,80.663429596964,2419.9028879089196
11.562666666666667,83.40944785047014,2502.2834355141044
11.605333333333334,88.39486085999748,2651.845825799924
11.648,88.74637515105418,2662.3912545316257
11.690666666666667,85.2879730687187,2558.63919206156
11.733333333333333,80.36613587952957,2410.9840763858865
11.776,76.76204493855975,2302.8613481567922
11.818666666666667,82.08252998108557,2462.4758994325675
11.861333333333333,88.49576690034961,2654.873007010488
11.904,92.80275335634543,2784.0826006903635
11.946666666666667,99.5498738898853,2986.4962166965597
11.989333333333333,97.73554915560628,2932.066474668188
12.032,91.74211252163416,2752.263375649025
12.074666666666667,83.96280737314817,2518.884221194445
12.117333333333333,78.37900329603198,2351.3700988809596
12.16,75.33687974381408,2260.106392314422
12.202666666666667,73.35921806657363,2200.7765419972093
12.245333333333333,71.01138216330786,2130.341464899236
12.288,72.38810971750965,2171.6432915252894
12.330666666666668,74.31507257630209,2229.4521772890625
12.373333333333333,74.25772778459242,2227.731833537772
12.416,74.1344303350992,2224.032910052976
12.458666666666666,73.6671711089879,2210.015133269637
12.501333333333333,72.496435205213,2174.8930561563902
12.544,72.496435205213,2174.8930561563902
12.586666666666666,73.6671711089879,2210.015133269637
12.629333333333333,74.95660994790029,2248.698298437009
12.672,76.61594113529232,2298.4782340587694
12.714666666666666,77.2638426026065,2317.915278078195
12.757333333333333,77.2638426026065,2317.915278078195
12.8,76.61594113529232,2298.4782340587694
12.842666666666666,76.60096917350245,2298.029075205074
12.885333333333334,75.91705897198445,2277.5117691595337
12.928,73.78587404412539,2213.5762213237617
12.970666666666666,72.2544348205823,2167.633044617469
13.013333333333334,69.4903203871989,2084.709611615968
13.056,66.8345314415189,2005.0359432455664
13.098666666666666,63.78203044186683,1913.4609132560051
13.141333333333334,61.461595406731,1843.8478622019302
13.184,61.912412374784076,1857.3723712435226
13.226666666666667,65.35584249532972,1960.6752748598922
13.269333333333334,68.14353675657686,2044.3061026973057
13.312,71.06236285930156,2131.8708857790466
13.354666666666667,71.20063227058465,2136.018968117539
13.397333333333334,70.1382218545131,2104.146655635393
13.44,67.08112634050534,2012.4337902151594
13.482666666666667,66.64987584859784,1999.4962754579356
13.525333333333334,66.43322487319115,1992.9967461957342
13.568,66.83453144151889,2005.0359432455664
13.610666666666667,70.12784440707895,2103.835332212369
13.653333333333334,71.56593010470857,2146.977903141257
13.696,72.84039698183109,2185.211909454932
13.738666666666667,72.90056670653624,2187.0170011960868
13.781333333333333,69.76832950603345,2093.049885181003
13.824,66.27391868949411,1988.2175606848232
13.866666666666667,62.70464806400544,1881.1394419201629
13.909333333333333,58.59375,1757.8125000000002
13.952,60.238109225602166,1807.1432767680653
13.994666666666667,61.66581747579765,1849.974524273929
14.037333333333333,63.06358180241338,1891.9074540724016
14.08,63.65873299237362,1909.7619897712086
14.122666666666667,63.06358180241338,1891.9074540724012
14.165333333333333,64.95453592700198,1948.6360778100598
14.208,67.20442378999854,2016.1327136999564
14.250666666666667,69.06944734272558,2072.0834202817673
14.293333333333333,70.95863188595393,2128.758956578618
14.336,70.06590510101358,2101.9771530304065
14.378666666666666,76.01677659361393,2280.5032978084178
14.421333333333333,81.13705291879127,2434.111587563738
14.464,85.53603826397348,2566.0811479192043
14.506666666666666,88.68607235926162,2660.5821707778478
14.549333333333333,85.71031640946038,2571.309492283812
14.592,77.72503701809372,2331.7511105428116
14.634666666666666,69.17375947871079,2075.212784361323
14.677333333333333,59.41592961280109,1782.4778883840327
14.72,58.59375,1757.8125000000002
14.762666666666666,61.882468451204346,1856.4740535361304
14.805333333333333,67.20442378999854,2016.1327136999564
14.848,72.14151481852322,2164.2454445556964
14.890666666666666,75.42846368836732,2262.8539106510193
14.933333333333334,75.1308880933872,2253.9266428016153
14.976,71.44263265521536,2143.2789796564603
15.018666666666666,66.49056966490082,1994.717089947024
15.061333333333334,61.06028883840326,1831.8086651520975
15.104,58.59375,1757.8125000000002
15.146666666666667,58.59375,1757.8125000000002
15.189333333333334,58.59375,1757.8125000000002
15.232,58.59375,1757.8125000000002
15.274666666666667,58.59375,1757.8125000000002
15.317333333333334,58.59375,1757.8125000000002
15.36,66.81554612801087,2004.466383840326
15.402666666666667,82.17588350699906,2465.276505209972
15.445333333333334,96.30324639105508,2889.097391731653
15.488,106.26782397393498,3188.0347192180498
15.530666666666667,110.3787220379404,3311.361661138213
15.573333333333334,108.0943131445546,3242.8293943366384
15.616,101.03063170252662,3030.918951075798
15.658666666666667,90.65258311497837,2719.577493449351
15.701333333333332,82.4307869869675,2472.9236096090244
15.744,77.44849819552755,2323.454945865826
15.786666666666667,71.20699636630063,2136.2098909890187
15.829333333333333,65.06286141470534,1951.88584244116
15.872,62.36469963910552,1870.9409891731652
15.914666666666667,63.361157397393505,1900.8347219218049
15.957333333333333,63.3611573973935,1900.8347219218049
16.0,62.36469963910552,1870.9409891731652
